{
	"releaseAuthorizations": "Team Hook  Line and Syncer Release Managers",
	"development": {
		"awsConfig": {
			"accountId": "696911016411",
			"credentialsId": "aws-dev-payroll",
			"region": "us-east-1",
			"nugetRepo": {
				"domainName": "asure-payroll-dev",
				"repoName": "asure.dev.payroll"
			}
		},
		"postmanConfig": {
			"collectionId": "14326838-492ab787-2b2e-4589-9271-37e98ef82400",
			"environmentId": "14326838-bed0798d-1d00-4b8d-94d0-e29aeb6b47f1"
		}
	},
	"staging": {
		"awsConfig": {
			"accountId": "503473935867",
			"credentialsId": "aws-staging-payroll",
			"region": "us-east-1"
		},
		"postmanConfig": {
			"collectionId": "14326838-492ab787-2b2e-4589-9271-37e98ef82400",
			"environmentId": "14326838-169a636d-9ff2-4908-a353-7ed484c2eeac"
		}
	},
	"production": {
		"awsConfig": {
			"accountId": "129238965322",
			"credentialsId": "aws-prod-payroll",
			"region": "us-east-1",
			"nugetRepo": {
				"domainName": "asure-payroll",
				"repoName": "asure.payroll"
			}
		}
	}
}
